"","x"
"1",146
"2",159
"3",168
"4",176
"5",176
"6",178
"7",164
"8",146
"9",134
"10",117
"11",107
"12",100
"13",88
"14",83
"15",83
"16",85
"17",83
"18",83
"19",85
"20",88
"21",95
"22",93
"23",93
"24",98
"25",100
"26",103
"27",110
"28",117
"29",117
"30",117
"31",120
"32",117
"33",117
"34",115
"35",112
"36",112
"37",115
"38",107
"39",110
"40",110
"41",103
"42",105
"43",107
"44",112
"45",112
"46",115
"47",117
"48",125
"49",127
"50",127
"51",127
"52",125
"53",125
"54",125
"55",132
"56",132
"57",132
"58",132
"59",122
"60",115
"61",122
"62",120
"63",117
"64",117
"65",110
"66",110
"67",115
"68",115
"69",122
"70",120
"71",117
"72",120
"73",110
"74",110
"75",110
"76",107
"77",110
"78",115
"79",122
"80",125
"81",129
"82",134
"83",132
"84",125
"85",122
"86",122
"87",127
"88",125
"89",117
"90",117
"91",112
"92",93
"93",-5
"94",-51
"95",166
"96",835
"97",1331
"98",977
"99",430
"100",225
"101",161
"102",98
"103",59
"104",56
"105",61
"106",59
"107",68
"108",68
"109",68
"110",71
"111",71
"112",68
"113",68
"114",68
"115",63
"116",61
"117",63
"118",66
"119",66
"120",66
"121",66
"122",66
"123",68
"124",66
"125",68
"126",78
"127",81
"128",90
"129",103
"130",112
"131",132
"132",146
"133",151
"134",171
"135",183
"136",195
"137",193
"138",186
"139",173
"140",161
"141",149
"142",139
"143",134
"144",129
"145",132
"146",127
"147",127
"148",129
"149",127
"150",129
"151",127
"152",127
"153",129
"154",127
"155",125
"156",122
"157",122
"158",122
"159",125
"160",127
"161",132
"162",132
"163",132
"164",129
"165",125
"166",120
"167",117
"168",125
"169",127
"170",129
"171",129
"172",125
"173",129
"174",127
"175",125
"176",129
"177",137
"178",134
"179",134
"180",137
"181",137
"182",137
"183",132
"184",132
"185",125
"186",127
"187",127
"188",127
"189",122
"190",122
"191",122
"192",120
"193",112
"194",110
"195",107
"196",105
"197",98
"198",95
"199",95
"200",95
"201",98
"202",93
"203",95
"204",98
"205",95
"206",95
"207",100
"208",103
"209",105
"210",107
"211",107
"212",103
"213",103
"214",95
"215",93
"216",85
"217",76
"218",78
"219",90
"220",110
"221",112
"222",120
"223",122
"224",110
"225",100
"226",95
"227",93
"228",88
"229",90
"230",88
"231",78
"232",78
"233",34
"234",-61
"235",-27
"236",383
"237",1106
"238",1333
"239",781
"240",305
"241",173
"242",93
"243",37
"244",22
"245",17
"246",15
"247",22
"248",27
"249",22
"250",24
"251",29
"252",29
"253",27
"254",29
"255",32
"256",29
"257",34
"258",39
"259",34
"260",37
"261",39
"262",39
"263",44
"264",42
"265",44
"266",49
"267",56
"268",66
"269",71
"270",85
"271",100
"272",112
"273",129
"274",139
"275",139
"276",154
"277",166
"278",168
"279",159
"280",146
"281",139
"282",122
"283",107
"284",107
"285",105
"286",105
"287",107
"288",107
"289",107
"290",107
"291",105
"292",105
"293",107
"294",110
"295",110
"296",110
"297",105
"298",107
"299",105
"300",100
"301",100
"302",100
"303",103
"304",98
"305",93
"306",90
"307",90
"308",85
"309",83
"310",83
"311",76
"312",78
"313",71
"314",73
"315",81
"316",76
"317",83
"318",83
"319",83
"320",88
"321",88
"322",90
"323",90
"324",90
"325",90
"326",83
"327",81
"328",81
"329",83
"330",78
"331",73
"332",68
"333",66
"334",68
"335",66
"336",66
"337",66
"338",71
"339",68
"340",61
"341",51
"342",51
"343",49
"344",49
"345",49
"346",54
"347",56
"348",56
"349",61
"350",63
"351",73
"352",73
"353",73
"354",78
"355",73
"356",66
"357",66
"358",71
"359",68
"360",78
"361",95
"362",105
"363",117
"364",117
"365",120
"366",115
"367",115
"368",110
"369",107
"370",112
"371",107
"372",105
"373",105
"374",105
"375",59
"376",-39
"377",0
"378",396
"379",1101
"380",1292
"381",752
"382",315
"383",198
"384",132
"385",78
"386",56
"387",54
"388",54
"389",51
"390",61
"391",61
"392",59
"393",66
"394",63
"395",61
"396",56
"397",49
"398",54
"399",61
"400",54
"401",49
"402",56
"403",59
"404",56
"405",56
"406",63
"407",68
"408",66
"409",71
"410",83
"411",95
"412",105
"413",120
"414",127
"415",146
"416",151
"417",161
"418",176
"419",183
"420",183
"421",178
"422",166
"423",149
"424",139
"425",127
"426",117
"427",110
"428",105
"429",100
"430",100
"431",100
"432",98
"433",95
"434",90
"435",88
"436",95
"437",100
"438",103
"439",107
"440",107
"441",110
"442",110
"443",110
"444",122
"445",122
"446",125
"447",122
"448",125
"449",127
"450",117
"451",117
"452",110
"453",107
"454",105
"455",103
"456",103
"457",105
"458",110
"459",107
"460",100
"461",107
"462",110
"463",105
"464",107
"465",112
"466",110
"467",115
"468",115
"469",115
"470",105
"471",105
"472",110
"473",103
"474",110
"475",120
"476",122
"477",125
"478",120
"479",122
"480",129
"481",127
"482",127
"483",137
"484",139
"485",142
"486",139
"487",137
"488",137
"489",134
"490",146
"491",154
"492",149
"493",144
"494",149
"495",164
"496",173
"497",166
"498",166
"499",176
"500",171
"501",168
"502",168
"503",166
"504",164
"505",166
"506",164
"507",161
"508",156
"509",100
"510",-10
"511",27
"512",442
"513",1162
"514",1238
"515",696
"516",347
"517",229
"518",178
"519",117
"520",95
"521",83
"522",88
"523",98
"524",93
"525",95
"526",103
"527",103
"528",107
"529",103
"530",100
"531",100
"532",98
"533",100
"534",98
"535",95
"536",95
"537",95
"538",93
"539",90
"540",100
"541",105
"542",115
"543",122
"544",120
"545",134
"546",139
"547",154
"548",166
"549",186
"550",200
"551",210
"552",225
"553",232
"554",229
"555",215
"556",193
"557",171
"558",154
"559",134
"560",122
"561",115
"562",105
"563",105
"564",98
"565",100
"566",100
"567",100
"568",105
"569",105
"570",110
"571",105
"572",110
"573",107
"574",103
"575",105
"576",107
"577",107
"578",105
"579",100
"580",95
"581",93
"582",95
"583",90
"584",83
"585",85
"586",85
"587",83
"588",85
"589",83
"590",83
"591",78
"592",76
"593",73
"594",68
"595",71
"596",78
"597",76
"598",73
"599",73
"600",71
"601",68
"602",63
"603",68
"604",63
"605",63
"606",63
"607",59
"608",51
"609",44
"610",39
"611",42
"612",39
"613",42
"614",44
"615",42
"616",44
"617",44
"618",51
"619",46
"620",42
"621",49
"622",39
"623",29
"624",39
"625",44
"626",42
"627",42
"628",49
"629",49
"630",42
"631",44
"632",44
"633",46
"634",42
"635",37
"636",34
"637",37
"638",34
"639",-17
"640",-110
"641",-63
"642",391
"643",1140
"644",1299
"645",713
"646",259
"647",134
"648",56
"649",5
"650",-7
"651",-17
"652",-20
"653",-17
"654",-10
"655",-5
"656",-2
"657",-5
"658",-10
"659",-10
"660",-10
"661",-12
"662",-10
"663",-12
"664",-15
"665",-17
"666",-20
"667",-22
"668",-20
"669",-22
"670",-17
"671",-12
"672",-10
"673",-5
"674",-2
"675",5
"676",15
"677",34
"678",49
"679",59
"680",71
"681",83
"682",93
"683",103
"684",100
"685",88
"686",76
"687",59
"688",39
"689",27
"690",22
"691",15
"692",12
"693",5
"694",2
"695",0
"696",2
"697",2
"698",2
"699",0
"700",0
"701",2
"702",7
"703",10
"704",12
"705",12
"706",17
"707",12
"708",12
"709",17
"710",15
"711",12
"712",10
"713",5
"714",5
"715",7
"716",5
"717",7
"718",5
"719",2
"720",2
"721",2
"722",2
"723",0
"724",-5
"725",-2
"726",-10
"727",-15
"728",-12
"729",-10
"730",-12
"731",-12
"732",-10
"733",-15
"734",-17
"735",-12
"736",-15
"737",-15
"738",-10
"739",-12
"740",-17
"741",-17
"742",-20
"743",-27
"744",-22
"745",-22
"746",-20
"747",-17
"748",-22
"749",-22
"750",-24
"751",-27
"752",-27
"753",-34
"754",-37
"755",-39
"756",-34
"757",-37
"758",-44
"759",-39
"760",-32
"761",-22
"762",-22
"763",-22
"764",-22
"765",-22
"766",-17
"767",-20
"768",-24
"769",-17
"770",-17
"771",-17
"772",-17
"773",-12
"774",-34
"775",-134
"776",-156
"777",137
"778",813
"779",1226
"780",808
"781",256
"782",90
"783",22
"784",-49
"785",-71
"786",-83
"787",-90
"788",-93
"789",-85
"790",-81
"791",-78
"792",-73
"793",-73
"794",-71
"795",-66
"796",-73
"797",-71
"798",-73
"799",-71
"800",-71
"801",-66
"802",-68
"803",-66
"804",-66
"805",-66
"806",-61
"807",-59
"808",-59
"809",-49
"810",-46
"811",-39
"812",-24
"813",-5
"814",10
"815",32
"816",44
"817",61
"818",83
"819",78
"820",73
"821",61
"822",54
"823",39
"824",22
"825",7
"826",-2
"827",-5
"828",-10
"829",-10
"830",-15
"831",-12
"832",-5
"833",-7
"834",-5
"835",-7
"836",-7
"837",-2
"838",2
"839",2
"840",12
"841",22
"842",20
"843",17
"844",20
"845",20
"846",22
"847",22
"848",20
"849",22
"850",27
"851",34
"852",27
"853",24
"854",32
"855",32
"856",34
"857",34
"858",27
"859",29
"860",27
"861",32
"862",34
"863",27
"864",32
"865",37
"866",32
"867",29
"868",29
"869",34
"870",39
"871",34
"872",34
"873",37
"874",39
"875",42
"876",39
"877",44
"878",49
"879",44
"880",46
"881",42
"882",44
"883",49
"884",44
"885",37
"886",37
"887",39
"888",46
"889",49
"890",46
"891",42
"892",39
"893",39
"894",34
"895",42
"896",56
"897",61
"898",68
"899",66
"900",59
"901",51
"902",49
"903",49
"904",44
"905",39
"906",42
"907",51
"908",54
"909",24
"910",-83
"911",-100
"912",178
"913",891
"914",1243
"915",793
"916",320
"917",154
"918",112
"919",44
"920",12
"921",7
"922",7
"923",2
"924",5
"925",15
"926",12
"927",12
"928",15
"929",17
"930",20
"931",17
"932",12
"933",12
"934",7
"935",5
"936",5
"937",5
"938",5
"939",5
"940",5
"941",5
"942",10
"943",17
"944",27
"945",32
"946",42
"947",59
"948",76
"949",88
"950",105
"951",122
"952",139
"953",151
"954",156
"955",149
"956",132
"957",112
"958",93
"959",76
"960",61
"961",56
"962",54
"963",54
"964",49
"965",42
"966",44
"967",46
"968",42
"969",39
"970",39
"971",39
"972",42
"973",42
"974",42
"975",44
"976",42
"977",42
"978",44
"979",42
"980",44
"981",44
"982",42
"983",39
"984",42
"985",39
"986",42
"987",44
"988",44
"989",42
"990",44
"991",42
"992",42
"993",44
"994",37
"995",34
"996",27
"997",27
"998",29
"999",27
"1000",34
"1001",34
"1002",32
"1003",34
"1004",34
"1005",37
"1006",39
"1007",42
"1008",42
"1009",37
"1010",34
"1011",34
"1012",34
"1013",34
"1014",42
"1015",39
"1016",37
"1017",37
"1018",34
"1019",29
"1020",29
"1021",27
"1022",20
"1023",22
"1024",34
"1025",49
"1026",56
"1027",59
"1028",59
"1029",56
"1030",49
"1031",44
"1032",39
"1033",37
"1034",37
"1035",37
"1036",34
"1037",32
"1038",15
"1039",-78
"1040",-132
"1041",71
"1042",728
"1043",1331
"1044",1072
"1045",432
"1046",171
"1047",93
"1048",15
"1049",-20
"1050",-37
"1051",-37
"1052",-34
"1053",-29
"1054",-32
"1055",-24
"1056",-27
"1057",-24
"1058",-32
"1059",-37
"1060",-39
"1061",-44
"1062",-44
"1063",-46
"1064",-39
"1065",-39
"1066",-44
"1067",-44
"1068",-46
"1069",-51
"1070",-56
"1071",-56
"1072",-61
"1073",-59
"1074",-51
"1075",-49
"1076",-42
"1077",-24
"1078",-15
"1079",-2
"1080",10
"1081",27
"1082",39
"1083",42
"1084",44
"1085",24
"1086",10
"1087",-5
"1088",-20
"1089",-34
"1090",-44
"1091",-49
"1092",-46
"1093",-49
"1094",-59
"1095",-61
"1096",-68
"1097",-66
"1098",-61
"1099",-63
"1100",-71
"1101",-61
"1102",-61
"1103",-63
"1104",-66
"1105",-66
"1106",-61
"1107",-61
"1108",-56
"1109",-56
"1110",-56
"1111",-56
"1112",-61
"1113",-68
"1114",-71
"1115",-71
"1116",-71
"1117",-78
"1118",-76
"1119",-71
"1120",-78
"1121",-78
"1122",-73
"1123",-76
"1124",-71
"1125",-63
"1126",-63
"1127",-66
"1128",-68
"1129",-66
"1130",-73
"1131",-73
"1132",-71
"1133",-71
"1134",-73
"1135",-78
"1136",-81
"1137",-78
"1138",-76
"1139",-71
"1140",-68
"1141",-71
"1142",-66
"1143",-68
"1144",-66
"1145",-61
"1146",-66
"1147",-68
"1148",-66
"1149",-71
"1150",-73
"1151",-78
"1152",-78
"1153",-73
"1154",-73
"1155",-81
"1156",-81
"1157",-85
"1158",-90
"1159",-88
"1160",-90
"1161",-81
"1162",-68
"1163",-66
"1164",-71
"1165",-71
"1166",-71
"1167",-78
"1168",-83
"1169",-83
"1170",-78
"1171",-76
"1172",-85
"1173",-88
"1174",-83
"1175",-115
"1176",-210
"1177",-234
"1178",37
"1179",698
"1180",1189
"1181",830
"1182",239
"1183",49
"1184",-29
"1185",-103
"1186",-120
"1187",-134
"1188",-137
"1189",-134
"1190",-142
"1191",-139
"1192",-134
"1193",-132
"1194",-132
"1195",-127
"1196",-129
"1197",-132
"1198",-132
"1199",-134
"1200",-132
"1201",-129
"1202",-132
"1203",-139
"1204",-142
"1205",-134
"1206",-139
"1207",-144
"1208",-149
"1209",-146
"1210",-144
"1211",-144
"1212",-139
"1213",-127
"1214",-115
"1215",-100
"1216",-88
"1217",-78
"1218",-59
"1219",-44
"1220",-34
"1221",-32
"1222",-37
"1223",-46
"1224",-63
"1225",-73
"1226",-78
"1227",-83
"1228",-85
"1229",-81
"1230",-76
"1231",-85
"1232",-88
"1233",-88
"1234",-93
"1235",-100
"1236",-98
"1237",-95
"1238",-95
"1239",-88
"1240",-83
"1241",-83
"1242",-85
"1243",-83
"1244",-78
"1245",-73
"1246",-83
"1247",-76
"1248",-73
"1249",-78
"1250",-81
"1251",-88
"1252",-83
"1253",-83
"1254",-85
"1255",-88
"1256",-88
"1257",-85
"1258",-88
"1259",-85
"1260",-85
"1261",-93
"1262",-100
"1263",-90
"1264",-88
"1265",-90
"1266",-90
"1267",-85
"1268",-83
"1269",-85
"1270",-88
"1271",-90
"1272",-83
"1273",-81
"1274",-83
"1275",-83
"1276",-83
"1277",-78
"1278",-78
"1279",-81
"1280",-83
"1281",-90
"1282",-83
"1283",-88
"1284",-93
"1285",-93
"1286",-88
"1287",-88
"1288",-88
"1289",-88
"1290",-88
"1291",-93
"1292",-93
"1293",-95
"1294",-103
"1295",-95
"1296",-88
"1297",-95
"1298",-103
"1299",-95
"1300",-100
"1301",-105
"1302",-93
"1303",-76
"1304",-71
"1305",-66
"1306",-61
"1307",-68
"1308",-76
"1309",-76
"1310",-81
"1311",-81
"1312",-71
"1313",-76
"1314",-78
"1315",-68
"1316",-83
"1317",-178
"1318",-227
"1319",-27
"1320",618
"1321",1150
"1322",825
"1323",276
"1324",73
"1325",17
"1326",-49
"1327",-93
"1328",-100
"1329",-115
"1330",-112
"1331",-110
"1332",-100
"1333",-95
"1334",-98
"1335",-93
"1336",-90
"1337",-95
"1338",-95
"1339",-100
"1340",-98
"1341",-95
"1342",-93
"1343",-93
"1344",-90
"1345",-83
"1346",-81
"1347",-85
"1348",-83
"1349",-78
"1350",-78
"1351",-76
"1352",-68
"1353",-66
"1354",-56
"1355",-39
"1356",-20
"1357",-20
"1358",-5
"1359",12
"1360",17
"1361",27
"1362",29
"1363",10
"1364",-7
"1365",-17
"1366",-34
"1367",-44
"1368",-51
"1369",-49
"1370",-54
"1371",-56
"1372",-51
"1373",-51
"1374",-61
"1375",-56
"1376",-54
"1377",-59
"1378",-49
"1379",-49
"1380",-54
"1381",-54
"1382",-54
"1383",-54
"1384",-49
"1385",-49
"1386",-46
"1387",-42
"1388",-39
"1389",-39
"1390",-34
"1391",-37
"1392",-44
"1393",-44
"1394",-49
"1395",-44
"1396",-44
"1397",-39
"1398",-39
"1399",-46
"1400",-42
"1401",-42
"1402",-44
"1403",-42
"1404",-46
"1405",-44
"1406",-44
"1407",-51
"1408",-49
"1409",-49
"1410",-49
"1411",-46
"1412",-46
"1413",-54
"1414",-54
"1415",-49
"1416",-51
"1417",-49
"1418",-46
"1419",-42
"1420",-39
"1421",-42
"1422",-37
"1423",-27
"1424",-24
"1425",-27
"1426",-22
"1427",-24
"1428",-29
"1429",-34
"1430",-32
"1431",-17
"1432",-12
"1433",-5
"1434",0
"1435",2
"1436",0
"1437",-2
"1438",-5
"1439",-5
"1440",-5
"1441",-2
"1442",-5
"1443",-2
"1444",-5
"1445",0
"1446",-51
"1447",-156
"1448",-127
"1449",283
"1450",1018
"1451",1155
"1452",618
"1453",208
"1454",73
"1455",24
"1456",-42
"1457",-61
"1458",-73
"1459",-76
"1460",-71
"1461",-66
"1462",-68
"1463",-66
"1464",-66
"1465",-66
"1466",-61
"1467",-61
"1468",-63
"1469",-61
"1470",-66
"1471",-71
"1472",-73
"1473",-68
"1474",-61
"1475",-61
"1476",-63
"1477",-61
"1478",-61
"1479",-59
"1480",-56
"1481",-49
"1482",-49
"1483",-39
"1484",-24
"1485",-10
"1486",5
"1487",17
"1488",37
"1489",56
"1490",71
"1491",78
"1492",63
"1493",44
"1494",24
"1495",5
"1496",-10
"1497",-22
"1498",-29
"1499",-34
"1500",-37
"1501",-39
"1502",-39
"1503",-44
"1504",-51
"1505",-54
"1506",-61
"1507",-59
"1508",-56
"1509",-54
"1510",-49
"1511",-54
"1512",-49
"1513",-49
"1514",-54
"1515",-51
"1516",-56
"1517",-59
"1518",-59
"1519",-66
"1520",-61
"1521",-66
"1522",-68
"1523",-71
"1524",-73
"1525",-76
"1526",-71
"1527",-66
"1528",-66
"1529",-71
"1530",-68
"1531",-71
"1532",-71
"1533",-71
"1534",-73
"1535",-66
"1536",-66
"1537",-66
"1538",-63
"1539",-66
"1540",-66
"1541",-71
"1542",-68
"1543",-63
"1544",-61
"1545",-63
"1546",-66
"1547",-66
"1548",-61
"1549",-61
"1550",-56
"1551",-54
"1552",-54
"1553",-61
"1554",-61
"1555",-63
"1556",-66
"1557",-66
"1558",-68
"1559",-68
"1560",-68
"1561",-78
"1562",-76
"1563",-76
"1564",-61
"1565",-44
"1566",-39
"1567",-34
"1568",-34
"1569",-46
"1570",-49
"1571",-44
"1572",-54
"1573",-56
"1574",-54
"1575",-54
"1576",-56
"1577",-51
"1578",-66
"1579",-154
"1580",-205
"1581",20
"1582",679
"1583",1243
"1584",979
"1585",337
"1586",98
"1587",27
"1588",-56
"1589",-78
"1590",-90
"1591",-88
"1592",-95
"1593",-95
"1594",-88
"1595",-83
"1596",-78
"1597",-76
"1598",-81
"1599",-85
"1600",-88
"1601",-88
"1602",-85
"1603",-90
"1604",-88
"1605",-88
"1606",-85
"1607",-83
"1608",-85
"1609",-88
"1610",-85
"1611",-90
"1612",-90
"1613",-85
"1614",-78
"1615",-73
"1616",-66
"1617",-56
"1618",-44
"1619",-22
"1620",-5
"1621",5
"1622",12
"1623",22
"1624",24
"1625",15
"1626",2
"1627",-12
"1628",-20
"1629",-27
"1630",-39
"1631",-37
"1632",-39
"1633",-44
"1634",-51
"1635",-61
"1636",-61
"1637",-68
"1638",-73
"1639",-78
"1640",-71
"1641",-71
"1642",-73
"1643",-71
"1644",-71
"1645",-71
"1646",-68
"1647",-66
"1648",-61
"1649",-63
"1650",-63
"1651",-61
"1652",-61
"1653",-61
"1654",-56
"1655",-54
"1656",-51
"1657",-59
"1658",-63
"1659",-63
"1660",-66
"1661",-66
"1662",-66
"1663",-68
"1664",-73
"1665",-76
"1666",-78
"1667",-78
"1668",-78
"1669",-78
"1670",-81
"1671",-81
"1672",-78
"1673",-78
"1674",-83
"1675",-83
"1676",-78
"1677",-76
"1678",-81
"1679",-83
"1680",-85
"1681",-88
"1682",-85
"1683",-81
"1684",-78
"1685",-83
"1686",-81
"1687",-78
"1688",-81
"1689",-83
"1690",-78
"1691",-76
"1692",-73
"1693",-76
"1694",-73
"1695",-76
"1696",-85
"1697",-83
"1698",-66
"1699",-59
"1700",-61
"1701",-61
"1702",-61
"1703",-71
"1704",-78
"1705",-93
"1706",-100
"1707",-98
"1708",-90
"1709",-90
"1710",-93
"1711",-95
"1712",-132
"1713",-229
"1714",-247
"1715",37
"1716",713
"1717",1140
"1718",745
"1719",190
"1720",15
"1721",-39
"1722",-105
"1723",-127
"1724",-144
"1725",-146
"1726",-144
"1727",-144
"1728",-142
"1729",-129
"1730",-129
"1731",-139
"1732",-132
"1733",-127
"1734",-132
"1735",-139
"1736",-139
"1737",-151
"1738",-151
"1739",-149
"1740",-149
"1741",-151
"1742",-154
"1743",-159
"1744",-156
"1745",-154
"1746",-156
"1747",-149
"1748",-137
"1749",-127
"1750",-117
"1751",-103
"1752",-88
"1753",-81
"1754",-66
"1755",-49
"1756",-34
"1757",-29
"1758",-29
"1759",-27
"1760",-49
"1761",-66
"1762",-71
"1763",-81
"1764",-93
"1765",-95
"1766",-103
"1767",-120
"1768",-115
"1769",-110
"1770",-115
"1771",-107
"1772",-110
"1773",-117
"1774",-110
"1775",-110
"1776",-115
"1777",-110
"1778",-103
"1779",-100
"1780",-95
"1781",-93
"1782",-100
"1783",-100
"1784",-90
"1785",-88
"1786",-85
"1787",-85
"1788",-85
"1789",-85
"1790",-85
"1791",-85
"1792",-85
"1793",-85
"1794",-85
"1795",-83
"1796",-85
"1797",-88
"1798",-90
"1799",-93
"1800",-83
"1801",-83
"1802",-88
"1803",-81
"1804",-88
"1805",-95
"1806",-90
"1807",-103
"1808",-100
"1809",-105
"1810",-105
"1811",-105
"1812",-105
"1813",-112
"1814",-117
"1815",-110
"1816",-93
"1817",-100
"1818",-103
"1819",-95
"1820",-103
"1821",-110
"1822",-110
"1823",-105
"1824",-90
"1825",-90
"1826",-88
"1827",-83
"1828",-78
"1829",-78
"1830",-83
"1831",-90
"1832",-88
"1833",-88
"1834",-90
"1835",-98
"1836",-98
"1837",-117
"1838",-227
"1839",-266
"1840",-22
"1841",669
"1842",1091
"1843",649
"1844",173
"1845",15
"1846",-49
"1847",-88
"1848",-127
"1849",-132
"1850",-134
"1851",-139
"1852",-132
"1853",-132
"1854",-127
"1855",-129
"1856",-142
"1857",-149
"1858",-151
"1859",-142
"1860",-139
"1861",-144
"1862",-144
"1863",-144
"1864",-146
"1865",-146
"1866",-144
"1867",-142
"1868",-139
"1869",-127
"1870",-127
"1871",-129
"1872",-120
"1873",-110
"1874",-100
"1875",-88
"1876",-68
"1877",-49
"1878",-34
"1879",-20
"1880",-5
"1881",5
"1882",12
"1883",0
"1884",-24
"1885",-49
"1886",-71
"1887",-88
"1888",-105
"1889",-110
"1890",-110
"1891",-117
"1892",-117
"1893",-117
"1894",-122
"1895",-127
"1896",-125
"1897",-120
"1898",-117
"1899",-120
"1900",-115
"1901",-115
"1902",-110
"1903",-112
"1904",-107
"1905",-105
"1906",-107
"1907",-107
"1908",-107
"1909",-112
"1910",-107
"1911",-110
"1912",-110
"1913",-105
"1914",-103
"1915",-107
"1916",-98
"1917",-95
"1918",-98
"1919",-85
"1920",-85
"1921",-88
"1922",-93
"1923",-93
"1924",-88
"1925",-88
"1926",-88
"1927",-88
"1928",-83
"1929",-78
"1930",-73
"1931",-71
"1932",-68
"1933",-56
"1934",-56
"1935",-56
"1936",-54
"1937",-49
"1938",-44
"1939",-42
"1940",-46
"1941",-46
"1942",-46
"1943",-49
"1944",-61
"1945",-54
"1946",-44
"1947",-39
"1948",-34
"1949",-32
"1950",-22
"1951",-29
"1952",-44
"1953",-46
"1954",-51
"1955",-49
"1956",-49
"1957",-54
"1958",-46
"1959",-44
"1960",-66
"1961",-166
"1962",-210
"1963",34
"1964",735
"1965",1255
"1966",903
"1967",305
"1968",88
"1969",12
"1970",-66
"1971",-95
"1972",-117
"1973",-127
"1974",-129
"1975",-132
"1976",-129
"1977",-127
"1978",-132
"1979",-134
"1980",-139
"1981",-139
"1982",-139
"1983",-146
"1984",-151
"1985",-154
"1986",-161
"1987",-166
"1988",-166
"1989",-166
"1990",-171
"1991",-171
"1992",-166
"1993",-166
"1994",-164
"1995",-159
"1996",-149
"1997",-139
"1998",-122
"1999",-115
"2000",-95
"2001",-76
"2002",-63
"2003",-49
"2004",-34
"2005",-20
"2006",-17
"2007",-29
"2008",-49
"2009",-66
"2010",-81
"2011",-90
"2012",-95
"2013",-100
"2014",-105
"2015",-103
"2016",-105
"2017",-105
"2018",-105
"2019",-110
"2020",-107
"2021",-115
"2022",-115
"2023",-115
"2024",-117
"2025",-115
"2026",-112
"2027",-115
"2028",-112
"2029",-117
"2030",-117
"2031",-120
"2032",-125
"2033",-125
"2034",-134
"2035",-139
"2036",-144
"2037",-149
"2038",-154
"2039",-154
"2040",-154
"2041",-161
"2042",-161
"2043",-159
"2044",-161
"2045",-159
"2046",-161
"2047",-151
"2048",-149
"2049",-154
"2050",-149
"2051",-154
"2052",-156
"2053",-159
"2054",-154
"2055",-151
"2056",-154
"2057",-151
"2058",-149
"2059",-154
"2060",-151
"2061",-149
"2062",-146
"2063",-149
"2064",-151
"2065",-146
"2066",-151
"2067",-154
"2068",-156
"2069",-161
"2070",-161
"2071",-168
"2072",-168
"2073",-168
"2074",-166
"2075",-151
"2076",-144
"2077",-142
"2078",-144
"2079",-144
"2080",-139
"2081",-142
"2082",-137
"2083",-137
"2084",-139
"2085",-139
"2086",-134
"2087",-134
"2088",-132
"2089",-164
"2090",-266
"2091",-288
"2092",59
"2093",796
"2094",1221
"2095",769
"2096",171
"2097",-7
"2098",-85
"2099",-154
"2100",-173
"2101",-188
"2102",-183
"2103",-183
"2104",-183
"2105",-173
"2106",-171
"2107",-171
"2108",-168
"2109",-171
"2110",-176
"2111",-178
"2112",-178
"2113",-176
"2114",-171
"2115",-176
"2116",-178
"2117",-181
"2118",-178
"2119",-186
"2120",-181
"2121",-178
"2122",-181
"2123",-171
"2124",-166
"2125",-161
"2126",-146
"2127",-142
"2128",-127
"2129",-110
"2130",-103
"2131",-88
"2132",-71
"2133",-56
"2134",-42
"2135",-39
"2136",-51
"2137",-63
"2138",-66
"2139",-81
"2140",-93
"2141",-100
"2142",-105
"2143",-105
"2144",-110
"2145",-107
"2146",-112
"2147",-117
"2148",-117
"2149",-120
"2150",-122
"2151",-127
"2152",-125
"2153",-127
"2154",-127
"2155",-122
"2156",-122
"2157",-122
"2158",-117
"2159",-115
"2160",-115
"2161",-115
"2162",-110
"2163",-117
"2164",-122
"2165",-122
"2166",-127
"2167",-127
"2168",-132
"2169",-129
"2170",-132
"2171",-129
"2172",-139
"2173",-144
"2174",-139
"2175",-149
"2176",-142
"2177",-146
"2178",-146
"2179",-146
"2180",-151
"2181",-151
"2182",-151
"2183",-154
"2184",-156
"2185",-154
"2186",-156
"2187",-154
"2188",-149
"2189",-149
"2190",-146
"2191",-149
"2192",-151
"2193",-149
"2194",-151
"2195",-154
"2196",-159
"2197",-159
"2198",-161
"2199",-161
"2200",-154
"2201",-154
"2202",-159
"2203",-156
"2204",-161
"2205",-154
"2206",-154
"2207",-161
"2208",-164
"2209",-171
"2210",-176
"2211",-176
"2212",-176
"2213",-166
"2214",-156
"2215",-149
"2216",-144
"2217",-146
"2218",-146
"2219",-149
"2220",-146
"2221",-151
"2222",-149
"2223",-144
"2224",-149
"2225",-151
"2226",-146
"2227",-161
"2228",-256
"2229",-305
"2230",-76
"2231",586
"2232",1184
"2233",891
"2234",247
"2235",15
"2236",-63
"2237",-137
"2238",-166
"2239",-176
"2240",-183
"2241",-186
"2242",-181
"2243",-176
"2244",-171
"2245",-173
"2246",-178
"2247",-178
"2248",-181
"2249",-183
"2250",-183
"2251",-181
"2252",-183
"2253",-183
"2254",-190
"2255",-195
"2256",-193
"2257",-193
"2258",-193
"2259",-193
"2260",-200
"2261",-200
"2262",-198
"2263",-188
"2264",-183
"2265",-171
"2266",-156
"2267",-144
"2268",-125
"2269",-100
"2270",-85
"2271",-68
"2272",-61
"2273",-54
"2274",-56
"2275",-66
"2276",-78
"2277",-88
"2278",-95
"2279",-105
"2280",-105
"2281",-110
"2282",-112
"2283",-112
"2284",-115
"2285",-112
"2286",-107
"2287",-107
"2288",-110
"2289",-105
"2290",-110
"2291",-100
"2292",-95
"2293",-105
"2294",-103
"2295",-100
"2296",-93
"2297",-83
"2298",-85
"2299",-76
"2300",-66
"2301",-68
"2302",-76
"2303",-78
"2304",-81
"2305",-88
"2306",-88
"2307",-90
"2308",-83
"2309",-85
"2310",-85
"2311",-93
"2312",-93
"2313",-95
"2314",-98
"2315",-95
"2316",-100
"2317",-95
"2318",-90
"2319",-90
"2320",-93
"2321",-93
"2322",-90
"2323",-90
"2324",-85
"2325",-85
"2326",-78
"2327",-73
"2328",-73
"2329",-73
"2330",-73
"2331",-68
"2332",-71
"2333",-78
"2334",-73
"2335",-68
"2336",-66
"2337",-73
"2338",-68
"2339",-73
"2340",-71
"2341",-71
"2342",-81
"2343",-83
"2344",-88
"2345",-90
"2346",-83
"2347",-71
"2348",-66
"2349",-66
"2350",-66
"2351",-71
"2352",-73
"2353",-78
"2354",-88
"2355",-88
"2356",-93
"2357",-95
"2358",-100
"2359",-98
"2360",-100
"2361",-181
"2362",-266
"2363",-168
"2364",361
"2365",1060
"2366",974
"2367",378
"2368",76
"2369",-15
"2370",-68
"2371",-125
"2372",-144
"2373",-149
"2374",-151
"2375",-149
"2376",-144
"2377",-142
"2378",-139
"2379",-134
"2380",-132
"2381",-137
"2382",-139
"2383",-142
"2384",-139
"2385",-134
"2386",-134
"2387",-132
"2388",-139
"2389",-139
"2390",-134
"2391",-134
"2392",-132
"2393",-134
"2394",-132
"2395",-125
"2396",-120
"2397",-110
"2398",-100
"2399",-90
"2400",-68
"2401",-56
"2402",-34
"2403",-12
"2404",5
"2405",15
"2406",24
"2407",7
"2408",-10
"2409",-27
"2410",-44
"2411",-59
"2412",-71
"2413",-83
"2414",-90
"2415",-98
"2416",-100
"2417",-98
"2418",-93
"2419",-90
"2420",-100
"2421",-105
"2422",-107
"2423",-105
"2424",-103
"2425",-107
"2426",-100
"2427",-100
"2428",-103
"2429",-100
"2430",-103
"2431",-103
"2432",-100
"2433",-100
"2434",-105
"2435",-107
"2436",-110
"2437",-110
"2438",-105
"2439",-105
"2440",-110
"2441",-110
"2442",-115
"2443",-110
"2444",-115
"2445",-112
"2446",-112
"2447",-112
"2448",-110
"2449",-110
"2450",-112
"2451",-110
"2452",-110
"2453",-110
"2454",-110
"2455",-105
"2456",-103
"2457",-103
"2458",-103
"2459",-103
"2460",-98
"2461",-93
"2462",-90
"2463",-95
"2464",-93
"2465",-95
"2466",-98
"2467",-100
"2468",-110
"2469",-110
"2470",-110
"2471",-122
"2472",-120
"2473",-122
"2474",-122
"2475",-125
"2476",-129
"2477",-129
"2478",-134
"2479",-139
"2480",-142
"2481",-149
"2482",-151
"2483",-146
"2484",-151
"2485",-156
"2486",-156
"2487",-154
"2488",-161
"2489",-171
"2490",-159
"2491",-154
"2492",-146
"2493",-144
"2494",-149
"2495",-151
"2496",-161
"2497",-164
"2498",-168
"2499",-164
"2500",-156
"2501",-156
"2502",-156
"2503",-156
"2504",-156
"2505",-215
"2506",-315
"2507",-242
"2508",264
"2509",1018
"2510",1101
"2511",476
"2512",39
"2513",-71
"2514",-156
"2515",-222
"2516",-239
"2517",-244
"2518",-254
"2519",-254
"2520",-254
"2521",-251
"2522",-251
"2523",-254
"2524",-254
"2525",-251
"2526",-259
"2527",-264
"2528",-259
"2529",-266
"2530",-273
"2531",-271
"2532",-273
"2533",-278
"2534",-276
"2535",-283
"2536",-283
"2537",-273
"2538",-266
"2539",-266
"2540",-259
"2541",-251
"2542",-244
"2543",-239
"2544",-217
